filename,system,genre,prompt_id,axis_varied,axis_type,axis_direction,spectral_centroid_mean,spectral_centroid_std,spectral_centroid_var,spectral_bandwidth_mean,spectral_bandwidth_std,spectral_rolloff_mean,spectral_rolloff_std,spectral_flatness_mean,spectral_flatness_std,spectral_contrast_mean,spectral_contrast_std,zero_crossing_rate_mean,zero_crossing_rate_std,harmonic_ratio,percussive_ratio,tempo,onset_density,onset_strength_mean,onset_strength_std,ioi_mean,ioi_std,ioi_cv,chroma_stft_mean,chroma_stft_std,chroma_stft_var,chroma_cqt_mean,chroma_cqt_std,tonnetz_mean,tonnetz_std,repetition_score,self_similarity_mean,self_similarity_std,rms_mean,rms_std,rms_var,dynamic_range_db,crest_factor,mfcc_0_mean,mfcc_0_std,mfcc_1_mean,mfcc_1_std,mfcc_2_mean,mfcc_2_std,mfcc_3_mean,mfcc_3_std,mfcc_4_mean,mfcc_4_std,mfcc_5_mean,mfcc_5_std,mfcc_6_mean,mfcc_6_std,mfcc_7_mean,mfcc_7_std,mfcc_8_mean,mfcc_8_std,mfcc_9_mean,mfcc_9_std,mfcc_10_mean,mfcc_10_std,mfcc_11_mean,mfcc_11_std,mfcc_12_mean,mfcc_12_std,mfcc_delta_mean,mfcc_delta_std,mfcc_delta2_mean,mfcc_delta2_std
suno_A01.wav,suno,afrobeats,A01,Tempo LOW,tempo,low,1669.3626210137606,1045.323971151332,1092702.2046635908,2420.9096519024624,800.7606475124898,3777.427158414764,3063.1572627647647,0.008597319014370441,0.022339606657624245,23.012850219619622,10.570387068740981,0.0396018013496517,0.029208132205423863,0.693323988091458,0.30667601190854193,99.38401442307692,5.6,2.941990613937378,4.933074474334717,0.17769522180129538,0.06808612514553787,0.38316238588381407,0.37376341223716736,0.32697880268096924,0.10691513866186142,0.46796226501464844,0.27562621235847473,0.023075767162063415,0.11137077787820945,0.13822578134412244,0.13822578134412244,0.22682345200079088,0.15541957318782806,0.08316310495138168,0.006916102021932602,80.0,4.033808435205607,-230.42283630371094,119.65238189697266,96.80984497070312,38.770015716552734,46.33232116699219,37.250057220458984,35.41238021850586,19.687376022338867,32.16398239135742,17.10930061340332,5.56264066696167,18.76298713684082,0.5558807849884033,15.68317985534668,1.4238556623458862,12.2327880859375,-5.250967502593994,9.914725303649902,2.161130905151367,10.267353057861328,-0.44776761531829834,8.985612869262695,2.44521427154541,8.752492904663086,-3.87514591217041,8.054082870483398,0.006198509130626917,7.004751682281494,0.0017307717353105545,5.554488182067871
suno_A02.wav,suno,afrobeats,A02,Tempo HIGH,tempo,high,1896.446982328127,1023.2882248027979,1047118.7910200616,2464.247609225192,657.3977782918514,4267.357529206172,2667.7854453560794,0.015700092539191246,0.032847195863723755,23.079617696287436,11.66757222326318,0.050638015794311146,0.04105111635562678,0.470283224846293,0.529716775153707,117.45383522727273,5.6,3.1040661334991455,5.305757999420166,0.17811234673510126,0.06063778127290027,0.340446815644309,0.3793187737464905,0.3251209557056427,0.10570364445447922,0.6207876801490784,0.2232440710067749,0.022666207347314143,0.05438336481425634,0.11418075031965468,0.11418075031965468,0.20613119135576163,0.17122964560985565,0.07460914552211761,0.005566524341702461,80.0,3.520897874490465,-192.6516571044922,115.82579040527344,83.82820129394531,34.51167297363281,38.33626937866211,31.88741683959961,43.19771957397461,18.18928337097168,16.121501922607422,16.50215721130371,8.349996566772461,12.890467643737793,-1.2337125539779663,11.770819664001465,1.7881263494491577,12.22119426727295,-4.402881145477295,11.360231399536133,2.2117295265197754,10.180371284484863,-1.5819646120071411,9.173751831054688,3.9005184173583984,9.199701309204102,1.1242738962173462,9.630295753479004,0.02035118266940117,7.577508449554443,-0.01153893955051899,5.23162317276001
suno_A03.wav,suno,afrobeats,A03,Density LOW,density,low,1245.6739689829915,957.1193376643923,916077.426531125,2117.9951365364,919.7478124981744,2652.1422961917087,2873.7584398630383,0.00403260812163353,0.0144277298822999,22.86991408566292,10.255367585666308,0.028991888182082044,0.025246498197271816,0.7733705723910929,0.2266294276089072,99.38401442307692,5.133333333333334,2.5945844650268555,4.833855152130127,0.19365138648051816,0.07621444849762019,0.3935652095384691,0.37761005759239197,0.3267078697681427,0.10673803091049194,0.3922783136367798,0.3070591390132904,-0.029328239932571415,0.16020346582734085,0.13641947731524848,0.13641947731524848,0.21191805077828338,0.18244856595993042,0.0961683839559555,0.009248358197510242,80.0,3.579990743832961,-276.4031677246094,112.93218994140625,108.32420349121094,35.65725326538086,64.17867279052734,38.700706481933594,35.33906936645508,17.408050537109375,25.163820266723633,17.77867889404297,1.015919804573059,16.70024299621582,8.1882905960083,14.603734016418457,5.025373935699463,13.35796070098877,2.107290029525757,13.411792755126953,3.55855131149292,12.432256698608398,4.099758148193359,11.62698745727539,1.4540188312530518,11.48442554473877,2.555522918701172,10.401447296142578,-0.02954939194023609,6.6905951499938965,0.0006539607420563698,5.254636287689209
suno_A04.wav,suno,afrobeats,A04,Density HIGH,density,high,1900.1457807463676,1304.7139139498872,1702278.3972544335,2407.5825743603177,869.9866078949098,4154.124880575174,3252.6136247864138,0.020168721675872803,0.04249640181660652,22.28514700869013,11.04739730717355,0.052760451939821984,0.05151342884611598,0.5887760364610121,0.4112239635389879,99.38401442307692,5.966666666666667,3.425842523574829,5.827259063720703,0.16788809905984867,0.055843983601098914,0.33262621897453065,0.3969016671180725,0.32546037435531616,0.10592444986104965,0.5111410617828369,0.26454564929008484,0.018990473278706538,0.07636010234880508,0.11818051661372783,0.11818051661372783,0.20348471925588615,0.157493457198143,0.08288762718439102,0.006870359182357788,80.0,3.854632606938828,-233.5810089111328,135.9553680419922,78.83953094482422,44.037254333496094,44.501407623291016,36.0666618347168,41.94252014160156,21.915754318237305,28.568340301513672,21.817134857177734,14.104453086853027,18.83266830444336,6.3444037437438965,18.592679977416992,1.6798511743545532,15.573984146118164,-8.938199996948242,13.737448692321777,-1.365854024887085,13.201077461242676,-2.1502845287323,11.777824401855469,1.4825782775878906,11.576343536376953,-2.4568114280700684,11.412300109863281,0.006241716910153627,7.999080181121826,0.004307223949581385,6.463205337524414
suno_A05.wav,suno,afrobeats,A05,Texture PERCUSSIVE,texture,percussive,1808.255301566292,1338.2737463558485,1790976.6201853177,2277.921714200535,876.5793364564942,3855.3016875181406,3173.474103268748,0.017912419512867928,0.044712599366903305,23.065160946539,10.73336605293303,0.04995963743227554,0.05303333172539903,0.5882722350985882,0.41172776490141183,99.38401442307692,5.2,2.7649497985839844,4.836843967437744,0.1911526589130276,0.0709129254966131,0.37097535498513634,0.40267688035964966,0.3311271369457245,0.10964517295360565,0.5501042604446411,0.27527353167533875,-0.007310980295398306,0.09350468889825099,0.14019019946101025,0.14019019946101025,0.22207145555356053,0.14698953926563263,0.08814743906259537,0.0077699716202914715,80.0,4.013070173066286,-239.60792541503906,123.52790832519531,88.35408782958984,48.49361038208008,38.58236312866211,36.62831115722656,43.649478912353516,20.14539909362793,29.324249267578125,16.819255828857422,6.841829299926758,14.980525970458984,4.40522575378418,12.412281036376953,5.3033905029296875,11.617410659790039,-3.0257678031921387,10.491535186767578,1.8523834943771362,9.60473918914795,-3.3441576957702637,10.209980964660645,0.5864338278770447,10.259462356567383,-3.8008956909179688,8.89057445526123,-0.0012960588792338967,7.636263847351074,0.0075514549389481544,5.551581382751465
suno_A06.wav,suno,afrobeats,A06,Texture MELODIC,texture,melodic,1495.106128253935,1217.4220063720275,1482116.3415988926,2179.527603186868,889.8536552089677,3077.289725383369,3099.596920108439,0.010188204236328602,0.03262678161263466,23.283148283753285,10.594736353962995,0.037641495743034055,0.04361317327999964,0.5873405864951647,0.41265941350483526,99.38401442307692,4.333333333333333,2.4480690956115723,4.730907917022705,0.23129954824306984,0.08603041723080615,0.3719437322047765,0.3648448586463928,0.33074653148651123,0.10939327627420425,0.4300077557563782,0.2965545952320099,-0.017713547045845674,0.14112079708065556,0.12418599877056877,0.12418599877056877,0.21459254390602722,0.1512504369020462,0.08854600787162781,0.007840395905077457,80.0,4.2952545437107155,-271.2048034667969,121.41393280029297,98.479248046875,42.550445556640625,56.52851104736328,35.01494598388672,43.06257247924805,17.297574996948242,32.21199035644531,12.953660011291504,2.549098014831543,18.64710807800293,2.1419882774353027,13.46307373046875,4.544602394104004,11.819058418273926,-3.415181875228882,10.76090145111084,-3.0614681243896484,10.86156177520752,-7.075290679931641,8.939311981201172,1.5905580520629883,9.660873413085938,-9.123169898986816,8.979124069213867,0.003296783659607172,7.602001190185547,0.002573095727711916,5.334597110748291
suno_A07.wav,suno,afrobeats,A07,Structure LOOP,structure,loop,1514.0632321949538,1043.8308096678948,1089582.7592119325,2328.925934531893,818.0518821370397,3283.1968136247096,3060.755827288679,0.007213040255010128,0.022543782368302345,22.494972915933122,10.745548308441032,0.034148319586880804,0.03042934428084935,0.48571944579554527,0.5142805542044547,99.38401442307692,6.2,3.0857295989990234,5.205366134643555,0.16090801005086722,0.05344507656137119,0.3321467746973927,0.3682350814342499,0.33107033371925354,0.10960756987333298,0.522811233997345,0.26972219347953796,0.032508982752908165,0.08562853857514717,0.1389480481566365,0.1389480481566365,0.22289841695252333,0.15437231957912445,0.07864362001419067,0.006184818688780069,80.0,4.070773080963638,-268.88641357421875,119.59577178955078,90.9978256225586,43.28498840332031,59.62249755859375,42.59091567993164,41.77616500854492,22.475170135498047,30.46918487548828,18.43834686279297,12.055636405944824,15.139243125915527,7.189242362976074,12.311772346496582,2.1851723194122314,10.199034690856934,-3.1288392543792725,9.96549129486084,0.42048677802085876,10.5884370803833,-3.293924570083618,10.339449882507324,-3.776697874069214,10.0887451171875,-4.565669059753418,9.258821487426758,0.01952972263097763,6.590766906738281,-0.0062476154416799545,5.723242282867432
suno_A08.wav,suno,afrobeats,A08,Structure VARIED,structure,varied,1327.5185908787284,1001.9415516115486,1003886.8728457575,2051.336564503737,849.6020765370213,2870.4493094523996,2784.3640349677685,0.007533875759691,0.0261390320956707,23.571788208735075,10.513694650988699,0.02822242949400155,0.024167249822894237,0.7348790766752158,0.26512092332478426,99.38401442307692,5.466666666666667,2.7093746662139893,4.611563205718994,0.1833379241267059,0.07098226915126399,0.38716631864015066,0.4210248589515686,0.32245561480522156,0.10397762805223465,0.43353012204170227,0.26927947998046875,0.03180662147045542,0.10906242479555482,0.12887593397518413,0.12887593397518413,0.21235363345713873,0.18061643838882446,0.09266278147697449,0.008586390875279903,80.0,3.5065297628754033,-245.08094787597656,111.4818344116211,109.97981262207031,43.66877365112305,55.531837463378906,33.46361541748047,41.822265625,14.725105285644531,22.87592315673828,14.044784545898438,6.995057582855225,11.550447463989258,2.1081478595733643,11.862495422363281,1.0022950172424316,11.84775447845459,-7.298552989959717,11.15372085571289,-0.5925986170768738,11.282076835632324,-3.5830719470977783,10.010369300842285,4.301863193511963,9.864595413208008,2.3871355056762695,9.992518424987793,0.008471603505313396,6.637728214263916,0.005318723153322935,5.317116737365723
suno_A09.wav,suno,afrobeats,A09,Combined LOW,combined,combined_low,1961.4220480675847,1406.6884502704177,1978772.3961241895,2542.9830313371594,1010.6019178125698,4437.273168416215,3556.286313196552,0.012498170137405396,0.03619889169931412,22.812951750618804,10.343474415003984,0.04894339263254644,0.04320032540391509,0.5035736177390352,0.49642638226096486,99.38401442307692,5.433333333333334,2.776679277420044,4.905599594116211,0.18231964390694547,0.07141611636796938,0.39170829230238957,0.36446112394332886,0.3410642445087433,0.11632482707500458,0.5539835691452026,0.2682425379753113,-0.010197744237880653,0.0814082024149081,0.1510673740368605,0.1510673740368605,0.24483337059367766,0.16261650621891022,0.10021191090345383,0.010042427107691765,80.0,3.620007988109407,-266.853515625,123.08267974853516,79.44290924072266,51.6290168762207,55.004825592041016,38.436744689941406,33.36519241333008,23.661333084106445,22.237537384033203,18.67424201965332,2.4854421615600586,19.99696159362793,12.504064559936523,16.653162002563477,2.1937241554260254,12.948105812072754,-0.2577272653579712,12.361671447753906,1.4179610013961792,14.037485122680664,0.39943474531173706,13.738734245300293,1.733564019203186,12.373397827148438,-0.7993220686912537,11.969531059265137,0.00993669219315052,7.428354263305664,0.0026096231304109097,5.600165367126465
suno_A10.wav,suno,afrobeats,A10,Combined HIGH,combined,combined_high,2043.9854573821133,1110.5920489064176,1233414.6990941549,2618.0878787355737,730.1267745870052,4693.013288657363,2893.932782394377,0.01659758761525154,0.034570109099149704,22.092803636880664,11.142758874343603,0.0454781830495356,0.031572335667605284,0.5104016149566911,0.4895983850433089,117.45383522727273,5.566666666666666,3.09787917137146,5.280381679534912,0.18016446739338307,0.06513868704032919,0.36155124249944937,0.407925009727478,0.33168452978134155,0.11001462489366531,0.5573286414146423,0.2655022442340851,0.009525585864595315,0.08731428041489149,0.11798647156186258,0.11798647156186258,0.2132682148200743,0.1393621861934662,0.07087339460849762,0.005023037549108267,80.0,3.910721175386637,-220.0435791015625,121.13264465332031,74.41517639160156,34.97603988647461,39.03848648071289,28.92368507385254,41.899932861328125,17.632875442504883,22.871503829956055,16.162261962890625,7.577914714813232,14.562630653381348,7.157580852508545,12.985504150390625,3.0224740505218506,11.903711318969727,-4.903792858123779,11.200316429138184,1.2605719566345215,12.356818199157715,-1.686630368232727,11.813209533691406,3.0102646350860596,10.950961112976074,-0.4130326509475708,9.89111042022705,-0.0008372974116355181,7.495843410491943,-0.006936512887477875,5.2968573570251465
suno_M01.wav,suno,metal,M01,Tempo LOW (doom),tempo,low,2288.503655813149,1003.9977150050227,1008011.4117353066,2378.553524512259,636.6807660548246,4880.27048967202,2114.5851004367073,0.020559348165988922,0.026265382766723633,22.690313027272,11.383774373844998,0.08286155488099846,0.0635821474584675,0.894242364072267,0.10575763592773303,143.5546875,2.566666666666667,1.0538355112075806,1.2595516443252563,0.38985081751999046,0.19772212044329254,0.5071737997141789,0.473586767911911,0.28424355387687683,0.08079439401626587,0.3675154149532318,0.29062965512275696,-0.057019924340853116,0.18230950016536582,0.11908354967361842,0.11908354967361842,0.22126928086734002,0.19150954484939575,0.041400812566280365,0.001714027370326221,80.0,3.2811532301415953,-99.98478698730469,65.03216552734375,76.89049530029297,49.467552185058594,-3.071188449859619,17.376920700073242,60.107688903808594,15.325197219848633,21.990407943725586,13.355477333068848,7.300134181976318,12.74850845336914,9.073094367980957,7.265963554382324,7.803918838500977,7.633820533752441,2.426173448562622,6.169544219970703,7.732055187225342,6.821408748626709,5.050792217254639,6.48243522644043,17.86791229248047,6.612682342529297,-2.7306809425354004,6.64158296585083,-0.00040387368062511086,2.7749505043029785,0.0019150718580931425,1.6440314054489136
suno_M02.wav,suno,metal,M02,Tempo HIGH (thrash),tempo,high,3050.6132907357173,395.1806936251552,156167.78061405878,2715.3146057867666,191.07573157655892,6187.0459211131,649.6882470392108,0.04002434387803078,0.02778703346848488,21.682083501213057,12.083440676101398,0.12201891447368421,0.04091444910968742,0.7595209948648144,0.2404790051351856,143.5546875,8.233333333333333,1.6314326524734497,1.6447948217391968,0.12148000663680104,0.04676424972663754,0.38495429018581256,0.5304179787635803,0.26819172501564026,0.0719267949461937,0.6086580157279968,0.2106183022260666,0.011446417956872339,0.059149149755616956,0.1077719737885742,0.1077719737885742,0.19951419605484735,0.1538439244031906,0.0272764153778553,0.0007440028130076826,80.0,3.787261490021031,-64.67804718017578,30.53693389892578,42.13141632080078,12.647917747497559,-8.000151634216309,10.944695472717285,48.532222747802734,9.661145210266113,14.276690483093262,7.961727619171143,22.789710998535156,8.014097213745117,7.678994178771973,8.780524253845215,20.110374450683594,8.855284690856934,2.2055578231811523,7.986174583435059,8.238717079162598,7.641542911529541,12.259478569030762,6.754998683929443,9.554635047912598,6.3736724853515625,-1.6196810007095337,6.185046672821045,0.0045676082372665405,1.98813796043396,-0.0009710791637189686,1.382869839668274
suno_M03.wav,suno,metal,M03,Distortion LOW (clean),distortion,low,2975.8307081767575,398.88348810527316,159108.03708302957,2658.3794056787024,340.0442141686027,6021.013591754548,950.0202147983749,0.03655855730175972,0.025205930694937706,22.459540663872552,11.461667148819854,0.12329819623161764,0.03488498781007881,0.8008365322654695,0.19916346773453053,143.5546875,7.433333333333334,1.4424251317977905,1.5189025402069092,0.13461298032726604,0.05039941231599508,0.3744023213323553,0.4753483831882477,0.2820291221141815,0.0795404314994812,0.49901822209358215,0.23833990097045898,0.0028523752862225945,0.0708794310150807,0.10977327947321143,0.10977327947321143,0.20268012766562277,0.14677485823631287,0.03030271641910076,0.0009182546054944396,80.0,3.7528049779805985,-63.172908782958984,30.290185928344727,49.03062438964844,15.859973907470703,-15.534172058105469,19.69031524658203,45.649967193603516,9.825206756591797,13.601198196411133,11.431010246276855,17.728391647338867,6.133769512176514,10.159358024597168,8.130060195922852,14.611454963684082,6.944320201873779,2.2740731239318848,7.109812259674072,6.297972202301025,6.367091655731201,8.438624382019043,6.897187232971191,11.46192455291748,6.518423080444336,3.9415736198425293,7.736907482147217,-0.003081993432715535,1.9848120212554932,0.0005747952382080257,1.2864247560501099
suno_M04.wav,suno,metal,M04,Distortion HIGH (saturated),distortion,high,2853.2832468048805,414.0832881860506,171464.96955497185,2586.0428032664295,332.9413513102266,5705.4904996795185,897.2315714275146,0.02828998677432537,0.020067783072590828,22.338500557280813,11.348809689788048,0.12125625846555728,0.04566690593731921,0.8095962216808473,0.1904037783191527,143.5546875,5.8,1.2731515169143677,1.230440378189087,0.17260613686707824,0.08393424400868083,0.48627612860206415,0.48593753576278687,0.2836472988128662,0.08045578747987747,0.5242074728012085,0.23667320609092712,0.004678627226628073,0.07861733724854651,0.10865961737731103,0.10865961737731103,0.19716979524876263,0.16434454917907715,0.03040193021297455,0.000924277410376817,80.0,3.2977850624398184,-66.10739135742188,27.524198532104492,45.76157760620117,17.922937393188477,-18.693498611450195,22.520109176635742,49.33447265625,10.578081130981445,17.077579498291016,15.45277214050293,19.23882484436035,11.041088104248047,14.71046257019043,11.684595108032227,12.91221809387207,8.17302131652832,1.4094274044036865,7.5206170082092285,9.427732467651367,7.4300408363342285,11.063267707824707,7.5501885414123535,10.22094440460205,7.5738420486450195,1.6578959226608276,6.513399124145508,0.002616913290694356,2.103297233581543,0.00012636666360776871,1.4034534692764282
suno_M05.wav,suno,metal,M05,Density LOW (groove),density,low,3019.918226856609,822.0480084258478,675762.9281569028,2812.0256615230132,364.66797101659915,6259.578815849942,1422.955230039325,0.047035448253154755,0.052755679935216904,20.574585780348226,11.134188478805997,0.11533452556598298,0.06725628908492125,0.7711098464495783,0.22889015355042178,143.5546875,4.433333333333334,1.4702249765396118,2.172410249710083,0.22393183536040678,0.08925267307027397,0.39857072098134855,0.5278957486152649,0.28661802411079407,0.08214988559484482,0.5434706807136536,0.23570649325847626,-0.0005950356564189917,0.0639839663906307,0.11315593240707876,0.11315593240707876,0.20575768443275536,0.1401486098766327,0.030084677040576935,0.0009050877415575087,80.0,3.8598994701414893,-94.06519317626953,51.32719421386719,42.177886962890625,22.40572738647461,-1.7626910209655762,14.77184772491455,48.81218719482422,16.71036720275879,18.293649673461914,11.329202651977539,19.179733276367188,10.003398895263672,16.49566650390625,9.775015830993652,13.884466171264648,8.937170028686523,5.1887054443359375,9.007226943969727,3.5370073318481445,8.505270004272461,12.42425537109375,7.8494791984558105,10.909321784973145,7.376770973205566,4.01926851272583,6.035647392272949,-0.001806187559850514,3.4488894939422607,-0.00022448968957178295,2.4964842796325684
suno_M06.wav,suno,metal,M06,Density HIGH (blast beats),density,high,3130.062559970519,432.3026287093562,186885.56278901952,2711.6676879481342,237.00360376559388,6253.320520359665,809.9381296894217,0.04162904620170593,0.028461694717407227,22.04060395554125,11.489823539203059,0.13468663832720587,0.044913467791628144,0.8266537162009542,0.17334628379904585,143.5546875,5.7,1.3048081398010254,1.3480561971664429,0.17565212751767373,0.07100787988074582,0.4042528882754418,0.496355801820755,0.27927184104919434,0.0779927596449852,0.5149107575416565,0.23992492258548737,-0.011493263145440455,0.07725224114143663,0.10720798861005199,0.10720798861005199,0.19637458973047914,0.13276784121990204,0.025518102571368217,0.0006511735264211893,80.0,3.835241538272305,-78.78215026855469,30.839977264404297,36.631263732910156,14.173418998718262,-9.6372652053833,13.71179485321045,51.1069450378418,11.690726280212402,15.654955863952637,9.454124450683594,19.169151306152344,8.895270347595215,11.797110557556152,8.255112648010254,18.33513641357422,8.64936351776123,4.506100654602051,8.450240135192871,11.05848217010498,6.673448085784912,9.8535795211792,7.08405876159668,12.17412281036377,6.737919330596924,0.7564531564712524,6.570565223693848,-0.0075036101043224335,2.1008448600769043,-0.0025841884780675173,1.5397855043411255
suno_M07.wav,suno,metal,M07,Combined: doom+clean+sparse,combined,combined_low,2406.042009465613,468.50447877373495,219496.44663104904,2545.999028239497,311.1154874028048,5201.210215660071,1074.1593134394059,0.01527673751115799,0.013548817485570908,22.647076131021645,11.176143452724158,0.0791782816128096,0.025833262030532243,0.9045199549243356,0.09548004507566449,151.99908088235293,2.5,1.0029312372207642,0.8819417357444763,0.4013286756143899,0.18819588747559451,0.4689320721662547,0.5116382241249084,0.26447799801826477,0.06994860619306564,0.39034971594810486,0.28423821926116943,-0.045668708504620195,0.16680030933228712,0.10436082825912428,0.10436082825912428,0.19277032829427618,0.24323570728302002,0.03407086059451103,0.001160823623649776,80.0,2.757895840465499,-47.25592041015625,26.27113914489746,67.1162338256836,17.096420288085938,-1.800947904586792,12.666604995727539,60.24863815307617,10.663308143615723,16.38392448425293,6.921520709991455,11.296394348144531,5.539000988006592,10.181365966796875,6.9101948738098145,14.517348289489746,5.2689690589904785,0.8190729022026062,5.527507781982422,7.1361985206604,5.640954494476318,7.869836807250977,5.546087265014648,15.48415470123291,5.610331058502197,-1.0913901329040527,4.798740863800049,0.0006638816557824612,1.9876552820205688,-0.0004296543775126338,1.1679158210754395
suno_M08.wav,suno,metal,M08,Combined: thrash+saturated+dense,combined,combined_high,3256.1525978768955,567.0417486512523,321536.34471347,2879.1949821404505,333.3216134571451,6687.784559881724,1126.3713826710152,0.040545690804719925,0.031024983152747154,21.798420099578863,11.203331214511122,0.11989723418150154,0.03839559080154094,0.751011827541145,0.24898817245885496,135.99917763157896,7.066666666666666,1.6133532524108887,1.8873382806777954,0.1414106242813081,0.03202202711713873,0.22644710947203886,0.497628390789032,0.29397231340408325,0.0864197164773941,0.5555204749107361,0.2268371880054474,0.007210403954751669,0.06458863481793933,0.11205500626588855,0.11205500626588855,0.20353815357221358,0.1527126133441925,0.02790728770196438,0.0007788166985847056,80.0,3.6961943070053875,-82.15425109863281,35.397377014160156,27.014881134033203,19.861705780029297,-2.254441022872925,17.567352294921875,52.3960075378418,10.830121040344238,24.370452880859375,14.795877456665039,25.51632308959961,9.258246421813965,16.43130874633789,10.252925872802734,14.919722557067871,8.873041152954102,4.584541320800781,8.35435962677002,9.103556632995605,7.888247489929199,11.18883991241455,6.838741779327393,15.318540573120117,7.660281658172607,-4.954381942749023,6.314152717590332,-0.0009983895579352975,2.144482374191284,-0.001988999778404832,1.955003023147583
suno_M09.wav,suno,metal,M09,Combined: moderate+saturated+groove,combined,combined_mid1,3266.6099093221815,604.8923871842263,365894.80007343204,2822.1761996514465,327.03850714102236,6503.110676579431,1214.4338202625538,0.041461337357759476,0.04033084213733673,21.719825461051872,11.067869917178898,0.13878676470588236,0.06963406153883439,0.7670627922267229,0.2329372077732771,123.046875,4.766666666666667,1.3825113773345947,1.7146309614181519,0.21028775829580662,0.10225007210361518,0.48623882308822997,0.5316304564476013,0.27681198716163635,0.07662487030029297,0.5762140154838562,0.23121003806591034,-0.011838504657431886,0.0639413085517957,0.11234703035462361,0.11234703035462361,0.20059066519637112,0.15002323687076569,0.03449238836765289,0.0011897248914465308,80.0,3.7585628778305535,-86.96212005615234,37.44123840332031,25.057100296020508,19.342958450317383,-11.2665376663208,15.953300476074219,52.8163948059082,15.5059175491333,23.920879364013672,13.792003631591797,21.188371658325195,11.040548324584961,22.97611427307129,12.591102600097656,10.714007377624512,9.375356674194336,7.602475643157959,9.462957382202148,5.2976155281066895,8.042236328125,15.143167495727539,8.253052711486816,10.784918785095215,6.878692150115967,-0.3645634651184082,6.199139595031738,0.0012727014254778624,2.814173460006714,-0.000625257845968008,1.802925705909729
suno_M10.wav,suno,metal,M10,Combined: moderate+clean+sparse,combined,combined_mid2,2094.382665503006,705.5432789728767,497791.3185037985,2447.8813203488876,507.03639797942355,4733.2463787067045,1749.5248159153368,0.012845206074416637,0.015101452358067036,23.853602239923827,11.078471057005633,0.06875052909732972,0.03201540530365127,0.9118244233826224,0.08817557661737759,99.38401442307692,3.2,1.2263213396072388,1.8043968677520752,0.31212507459124,0.1279246948743664,0.4098507466658902,0.4006360173225403,0.2883101999759674,0.08312276750802994,0.3920304477214813,0.2870735228061676,0.0065744488877832255,0.18080442041204753,0.1711474319737728,0.1711474319737728,0.23372148072737522,0.16770021617412567,0.03289268910884857,0.0010819289600476623,80.0,3.3629748927501675,-103.03412628173828,53.966796875,88.2137451171875,31.414371490478516,0.046698130667209625,18.398088455200195,43.463645935058594,11.885213851928711,23.922504425048828,8.833791732788086,8.085576057434082,9.913171768188477,0.8917976021766663,8.794516563415527,8.031102180480957,7.152151107788086,2.4655747413635254,6.892346382141113,11.52978515625,7.118621826171875,5.858278751373291,7.7410807609558105,16.627031326293945,7.205513954162598,1.7608835697174072,6.48153018951416,-0.0018283971585333347,3.127544641494751,-0.0002318453334737569,1.939679741859436
lyria_A01.mp3,lyria,afrobeats,A01,Tempo LOW,tempo,low,1109.5583027011849,719.2322828749344,517295.0767294897,1738.8753757270517,698.5160543879066,2190.545087406879,1947.7205597572301,0.005651759449392557,0.015374264679849148,22.662264835682127,9.794510139309144,0.030570865784636223,0.018278241485620857,0.6080543158553449,0.39194568414465514,107.666015625,4.533333333333333,2.2098019123077393,3.8784313201904297,0.22050356932896611,0.08622931739883255,0.3910563337421004,0.413086473941803,0.29600733518600464,0.08762034773826599,0.47504547238349915,0.29814955592155457,0.014305933275531762,0.15404988817670398,0.13656283326936083,0.13656283326936083,0.21811705021071517,0.16230952739715576,0.09327513724565506,0.008700251579284668,80.0,5.414226692080181,-208.65890502929688,92.26182556152344,143.9390411376953,36.69165802001953,33.693599700927734,28.962072372436523,23.951292037963867,13.349075317382812,16.929773330688477,13.233449935913086,10.286589622497559,13.07689094543457,-1.0011111497879028,9.850604057312012,3.0192322731018066,10.064981460571289,1.1111747026443481,12.384571075439453,0.08996478468179703,9.985733985900879,-1.0895532369613647,10.22144603729248,0.3877565264701843,10.692721366882324,-2.4274861812591553,11.808538436889648,-0.011637210845947266,5.47368860244751,0.0005238308804109693,4.95025110244751
lyria_A02.mp3,lyria,afrobeats,A02,Tempo HIGH,tempo,high,1955.3825699496472,807.0412319403754,651315.5500518389,2370.0280547091174,599.6605783176014,4351.365354555679,2129.600528746713,0.014125927351415157,0.022002534940838814,23.150981110251234,10.288981044695872,0.06813035144156347,0.03200433054487749,0.4554012266106447,0.5445987733893554,123.046875,6.533333333333333,2.415132761001587,3.2970950603485107,0.15313262398976685,0.05370134313180037,0.35068518864660075,0.299737811088562,0.2953803837299347,0.08724957704544067,0.5917401313781738,0.21312394738197327,0.004550708792952973,0.06556326518459925,0.12158319291383717,0.12158319291383717,0.2054146372167812,0.17921270430088043,0.057785797864198685,0.0033391984179615974,80.0,5.194499784499474,-115.33624267578125,73.94593811035156,107.78120422363281,34.335975646972656,13.012297630310059,18.195358276367188,14.672019958496094,12.683313369750977,-4.498173236846924,10.410014152526855,-3.1751418113708496,11.388616561889648,-10.24774169921875,12.713763236999512,1.3241578340530396,9.769760131835938,-5.534909248352051,9.034871101379395,0.7750722765922546,10.285690307617188,-2.7411017417907715,11.734293937683105,4.130512237548828,11.725659370422363,-1.9470198154449463,10.913776397705078,0.0021443294826895,4.545653343200684,0.012572546489536762,3.041188955307007
lyria_A03.mp3,lyria,afrobeats,A03,Density LOW,density,low,1459.6632144981825,1365.330904459826,1864128.478673086,1727.1027892662303,1001.6732006524982,2900.1991295593075,2953.30545302624,0.05713537335395813,0.20354026556015015,21.39621883327403,10.42500617910111,0.03560862821691176,0.031030260308800316,0.1795096158185635,0.8204903841814365,99.38401442307692,4.8,2.904698133468628,5.6398396492004395,0.19907457621743335,0.07701136366477296,0.38684680448928627,0.3260824680328369,0.3522665500640869,0.1240917295217514,0.6171749234199524,0.26756975054740906,0.0008000904734408518,0.08832204035389665,0.149733753413252,0.149733753413252,0.2449879438566945,0.1384679079055786,0.1273449808359146,0.016216745600104332,80.0,5.499127339020929,-304.8324890136719,129.82208251953125,73.91096496582031,55.947792053222656,26.218931198120117,30.952869415283203,22.159616470336914,22.698991775512695,9.012235641479492,19.560449600219727,15.473638534545898,15.575850486755371,6.893084526062012,21.28300666809082,6.036037921905518,18.893741607666016,-3.9768362045288086,17.78166389465332,-8.83635139465332,14.075604438781738,-9.311835289001465,12.955042839050293,-4.302940845489502,13.019153594970703,-2.4189023971557617,13.572705268859863,-7.381379951709732e-10,8.337932586669922,-1.9305148590831323e-09,6.020511627197266
lyria_A04.mp3,lyria,afrobeats,A04,Density HIGH,density,high,2037.3107300410306,858.9491550708162,737793.6509968691,2505.238933916768,679.9903597871795,4757.6212313153055,2389.852558379975,0.012544387020170689,0.01904281973838806,23.531612018218844,9.724787273522386,0.06275472257159442,0.027071346809038457,0.6524426155545705,0.34755738444542955,99.38401442307692,6.466666666666667,2.3619978427886963,3.361207962036133,0.15447886926791443,0.0321389348196089,0.20804744993226218,0.29500439763069153,0.2999362349510193,0.08996174484491348,0.4698501527309418,0.24111032485961914,0.009195591175088936,0.10293002557932754,0.13474549009224462,0.13474549009224462,0.21556801831837177,0.18109992146492004,0.05426177382469177,0.0029443399980664253,80.0,5.135200176867665,-121.63525390625,70.84217834472656,104.37946319580078,36.358890533447266,17.88483428955078,18.602312088012695,13.79813289642334,12.078213691711426,6.863700866699219,10.745697975158691,0.7349488735198975,12.659444808959961,-10.25849437713623,10.784346580505371,0.002349617425352335,8.716683387756348,-1.2927342653274536,8.405377388000488,0.49263936281204224,9.18557071685791,1.212977409362793,10.220854759216309,5.116933345794678,10.015138626098633,-4.433464050292969,10.236878395080566,0.009428301826119423,3.9600043296813965,0.0008134203962981701,3.665663003921509
lyria_A05.mp3,lyria,afrobeats,A05,Texture PERCUSSIVE,texture,percussive,2229.1000788292854,981.1411207854125,962637.8988960553,2576.5457683659124,584.9106133162137,5015.811336741728,2287.0050018358475,0.02098100446164608,0.033116064965724945,21.90494144672797,10.517360694027216,0.06569234653154024,0.03968023821697587,0.47450024177002803,0.525499758229972,99.38401442307692,6.666666666666667,2.8908355236053467,4.11260986328125,0.14982121491812805,0.019977034367711245,0.1333391561310458,0.3253604769706726,0.3147072196006775,0.09904062747955322,0.5237427949905396,0.250492125749588,0.019323427267212038,0.08858639848143951,0.13428066121148563,0.13428066121148563,0.22822341380830963,0.17447634041309357,0.07757776975631714,0.0060183098539710045,80.0,5.296086134787996,-127.84558868408203,84.91312408447266,86.03327178955078,33.785343170166016,18.343294143676758,21.702699661254883,23.39993667602539,13.115371704101562,4.42755651473999,13.1044282913208,10.76272201538086,12.311739921569824,-2.3767025470733643,10.78333568572998,4.712522506713867,9.683330535888672,-2.7032864093780518,9.539701461791992,1.533965826034546,11.579761505126953,3.3096718788146973,11.440888404846191,8.222057342529297,9.844639778137207,-3.3848283290863037,9.030835151672363,0.00042655019205994904,4.145109176635742,-8.325331145897508e-05,4.303351402282715
lyria_A06.mp3,lyria,afrobeats,A06,Texture MELODIC,texture,melodic,1772.3915714096702,754.9225620540933,569908.0746983164,2258.523607179393,586.167842818926,3908.7430310323143,2000.2674198466061,0.012019806541502476,0.023813167586922646,23.72634627206714,9.891194385848705,0.06304459232294891,0.02871650089169664,0.714724332367674,0.28527566763232604,135.99917763157896,6.166666666666667,2.0602240562438965,2.7914774417877197,0.1620349009168885,0.05738769894963875,0.3541687539221828,0.3428420424461365,0.29618212580680847,0.08772385120391846,0.480489581823349,0.23576796054840088,0.008089522881819328,0.09961899212411023,0.11078834758636213,0.11078834758636213,0.19301012786893315,0.1778925210237503,0.055259812623262405,0.0030536470003426075,80.0,4.700986667836524,-118.5416030883789,64.0225830078125,119.37877655029297,33.83565139770508,12.573755264282227,13.576170921325684,16.998891830444336,13.383691787719727,1.4962329864501953,9.364129066467285,4.323431968688965,11.091351509094238,-0.6038519144058228,10.24399185180664,1.3583626747131348,10.360283851623535,-1.903508186340332,8.911689758300781,0.3624361455440521,10.387201309204102,-6.315513610839844,10.623926162719727,0.45849600434303284,10.167440414428711,-3.5254647731781006,10.130716323852539,0.007165960967540741,3.762601375579834,0.002224812749773264,3.3286807537078857
lyria_A07.mp3,lyria,afrobeats,A07,Structure LOOP,structure,loop,1535.7814009077035,931.5266413202054,867741.8834893025,1958.7109152195967,856.2008194470376,3456.21243408959,2479.095043114399,0.010730551555752754,0.025556979700922966,23.727629682804817,9.852733321783191,0.047930927099458204,0.028743176169944533,0.6941831033808707,0.3058168966191292,135.99917763157896,6.1,2.424255132675171,3.675724744796753,0.16305001121327653,0.04819026936381534,0.29555514289894996,0.3689449727535248,0.30012956261634827,0.09007775038480759,0.4721391499042511,0.2388485074043274,0.013151143761307818,0.10302891680630259,0.1182309408686124,0.1182309408686124,0.20991048526473044,0.17748993635177612,0.06841520220041275,0.00468063959851861,80.0,5.099594495287551,-161.3404998779297,81.3582763671875,134.8753204345703,48.611122131347656,10.246740341186523,20.090831756591797,19.657798767089844,14.189645767211914,7.083077430725098,13.682031631469727,3.62961745262146,12.780417442321777,-4.342624664306641,11.362457275390625,0.8677656054496765,10.33851432800293,-6.507011413574219,10.85463809967041,-3.063727617263794,11.514925003051758,-0.1817956417798996,11.613651275634766,3.4312376976013184,13.542206764221191,-1.8929836750030518,11.001094818115234,-0.0030475319363176823,5.386727333068848,0.003498583333566785,4.422629356384277
lyria_A08.mp3,lyria,afrobeats,A08,Structure VARIED,structure,varied,2016.092965750246,755.751868233669,571160.8863386811,2534.7512173623986,514.0366341409855,4618.347073487084,2075.2578938666848,0.012994895689189434,0.02106763795018196,23.488738197595712,9.863638794092953,0.06595311592976007,0.030775915635656997,0.639989468488759,0.3600105315112409,135.99917763157896,6.033333333333333,2.0275754928588867,2.9040918350219727,0.16576467624086672,0.05270946122191564,0.31797764407493795,0.33732178807258606,0.299007385969162,0.08940541744232178,0.4997091293334961,0.24269528687000275,0.011941295212673068,0.09330989004327972,0.11692866948282037,0.11692866948282037,0.2038142695523838,0.17539377510547638,0.06588352471590042,0.004340638872236013,80.0,5.4255125626232426,-117.54369354248047,67.47798919677734,103.28410339355469,29.284908294677734,20.919692993164062,16.98609161376953,18.656343460083008,12.71436882019043,6.073945045471191,11.831604957580566,2.465308666229248,12.26237964630127,-1.0271854400634766,10.529250144958496,1.1406182050704956,11.005099296569824,-3.3940589427948,10.062616348266602,-0.3888532221317291,10.126094818115234,-3.4966297149658203,11.822549819946289,2.470869541168213,10.608786582946777,-4.814121246337891,11.12306022644043,0.017210345715284348,3.7937779426574707,0.004651430994272232,3.156991481781006
lyria_A09.mp3,lyria,afrobeats,A09,Combined LOW,combined,combined_low,1318.9194032648397,1004.2939144343709,1008606.2665699115,1663.6528617976444,956.8589519775935,2636.2507256191952,2560.6901895377837,0.02888667769730091,0.1335926055908203,23.710737304354733,9.839136930238746,0.0493647808630031,0.032128166581813826,0.45895882253342896,0.541041177466571,161.4990234375,2.7,1.7948073148727417,3.8991870880126953,0.3236281179138322,0.3057933092407502,0.9448910410255804,0.3124794661998749,0.31248220801353455,0.09764513373374939,0.4594690203666687,0.3250700533390045,0.0018453106708837689,0.1932305221847742,0.13173584147402514,0.13173584147402514,0.22035996533521104,0.1306731104850769,0.11890824139118195,0.014139169827103615,80.0,6.795938804074997,-245.64077758789062,111.25467681884766,108.37749481201172,48.186256408691406,25.921390533447266,30.0844783782959,13.002902030944824,28.715944290161133,8.765851974487305,22.365346908569336,1.0547415018081665,17.97025489807129,-8.581501960754395,13.829246520996094,-8.695300102233887,14.176207542419434,-9.548924446105957,10.289859771728516,-10.411429405212402,10.104877471923828,-10.890703201293945,11.693132400512695,-9.274845123291016,11.118928909301758,-9.35007381439209,10.508268356323242,-8.005958562762316e-09,6.0683913230896,6.4303176117164185e-09,4.652136325836182
lyria_A10.mp3,lyria,afrobeats,A10,Combined HIGH,combined,combined_high,2388.806155816214,912.9525776841567,833482.4091001461,2590.0816652552694,498.1116623261879,5294.492984925261,1952.8475504711437,0.027832604944705963,0.03566135838627815,21.19364958985726,10.929855214868992,0.07855054542376161,0.05248486169114913,0.3032899117459106,0.6967100882540894,95.703125,7.133333333333334,2.4927008152008057,3.5988411903381348,0.14019183886387104,0.04291880416354267,0.3061433854592467,0.368601530790329,0.3175746202468872,0.10085363686084747,0.6304419040679932,0.2082705795764923,0.015743613142327334,0.043261682911920604,0.1332846769232098,0.1332846769232098,0.21952297014573355,0.17379628121852875,0.07608552277088165,0.005789007060229778,80.0,5.1954921130710865,-101.33261108398438,75.03742980957031,84.68680572509766,32.3975944519043,8.168134689331055,17.34674835205078,20.91850471496582,11.95984935760498,-3.8882217407226562,10.858962059020996,3.7166147232055664,11.534306526184082,-5.92497444152832,9.850116729736328,1.1102911233901978,8.74244499206543,-5.767195701599121,9.609557151794434,0.5519801378250122,9.590374946594238,-3.9453163146972656,10.259523391723633,-0.29713085293769836,10.947985649108887,-6.320011615753174,10.872559547424316,0.007862584665417671,4.696993350982666,0.0124506875872612,3.135021924972534
lyria_M01.mp3,lyria,metal,M01,Tempo LOW (doom),tempo,low,2259.941091302321,528.3328767059103,279135.62860834255,2504.029627567433,349.92497898632513,4866.39557357174,1251.1329006109574,0.019651835784316063,0.01474196556955576,21.338108395522497,10.468181180268768,0.08198627672697369,0.027881509055379648,0.8187537291729918,0.18124627082700817,151.99908088235293,2.033333333333333,1.0780836343765259,1.218504786491394,0.4941980347694634,0.2896479290107761,0.5860968855246316,0.3989424407482147,0.2860579192638397,0.08182913064956665,0.36395174264907837,0.26603391766548157,0.03242725778817365,0.15919312107376837,0.0852521004901462,0.0852521004901462,0.17798865981542042,0.16853952407836914,0.05300285667181015,0.0028093026485294104,80.0,6.037843523622342,-67.8887710571289,72.33197784423828,91.4609603881836,21.08854103088379,-4.313167572021484,18.16758918762207,30.716384887695312,9.72441577911377,8.157341957092285,8.764609336853027,10.241355895996094,7.867309093475342,5.075106620788574,6.092202663421631,4.805870056152344,7.698572635650635,3.760361909866333,6.397500991821289,2.745267868041992,5.887353897094727,-0.8570123910903931,5.207893371582031,5.46229887008667,6.027797698974609,-1.7273013591766357,5.9870476722717285,0.004063825588673353,2.363802194595337,-0.0012225831160321832,1.442663550376892
lyria_M02.mp3,lyria,metal,M02,Tempo HIGH (thrash),tempo,high,2844.631361936795,496.03852764396856,246054.22090719617,2783.520827516168,268.35533049556614,6100.854775632498,1017.8675819087366,0.03988150134682655,0.02688049152493477,19.68978722095345,11.187093998694072,0.11040069296633127,0.039839283637218864,0.6621507079826483,0.3378492920173517,92.28515625,5.133333333333334,1.3759275674819946,1.5179563760757446,0.1941066797089206,0.0828369574651328,0.42675995277109385,0.5075898170471191,0.27269867062568665,0.0743645653128624,0.5186284184455872,0.21781136095523834,-0.0030847546831933113,0.07582177264251724,0.14705813451174568,0.14705813451174568,0.22980148387797447,0.17706343531608582,0.04314408078789711,0.0018614117288962007,80.0,5.93520409165767,-41.094356536865234,33.02534103393555,64.04724884033203,16.72167205810547,-0.26375606656074524,13.261597633361816,38.385284423828125,8.045254707336426,10.592752456665039,7.026345729827881,13.744243621826172,6.494678497314453,6.468035697937012,7.339145660400391,11.989120483398438,7.728264808654785,7.234394550323486,6.853023529052734,5.813338756561279,6.2410430908203125,-0.5652581453323364,5.733138084411621,6.3182454109191895,5.618712425231934,-3.0617034435272217,4.382300853729248,0.0037444334011524916,2.3523192405700684,-0.0018196713645011187,1.6956807374954224
lyria_M03.mp3,lyria,metal,M03,Distortion LOW (clean),distortion,low,2576.9122313822336,652.6777168474374,425988.20206918364,2576.337446644785,414.5924278005651,5415.317254317434,1477.1082429171727,0.033656395971775055,0.024989960715174675,20.61779696449999,10.728269942465891,0.10294382195723684,0.04313513046379741,0.7351561013837773,0.26484389861622265,143.5546875,3.566666666666667,1.386034369468689,2.098536252975464,0.2786394557823129,0.1395021552678362,0.5006547076262676,0.4670714735984802,0.2836199402809143,0.08044027537107468,0.42644691467285156,0.24511811137199402,-0.018680244197169106,0.10461042439964195,0.12890221562670146,0.12890221562670146,0.22827729260581137,0.17570212483406067,0.0399024672806263,0.0015922068851068616,80.0,6.286217754682559,-47.425506591796875,64.36820220947266,79.13028717041016,25.81400489807129,-5.586183547973633,19.0527286529541,34.757835388183594,8.71030044555664,6.308553695678711,7.450535774230957,12.914277076721191,6.873595714569092,5.217396259307861,8.486329078674316,7.2647480964660645,6.318719387054443,6.246761322021484,5.96685266494751,4.893460273742676,5.490294933319092,0.5652365684509277,6.5788702964782715,6.509561538696289,5.415229797363281,-2.937976121902466,4.624535083770752,-0.0007074947934597731,3.467104911804199,-2.752990803855937e-05,2.7708356380462646
lyria_M04.mp3,lyria,metal,M04,Distortion HIGH (saturated),distortion,high,2778.6848528183964,596.0844551824661,355316.67771017744,2708.4536261228395,362.26934000763345,5942.239068093315,1261.7642939811458,0.039686836302280426,0.026016220450401306,20.292670691447622,11.167957893694922,0.1107774858504257,0.040270468254286575,0.7423938516940156,0.25760614830598444,69.83741554054055,3.8666666666666667,1.1995662450790405,1.2999067306518555,0.2568328896776102,0.1260064355031819,0.49061643024517476,0.4706217646598816,0.28019148111343384,0.07850726693868637,0.470283180475235,0.24071188271045685,0.0042848973418470266,0.09992078842603754,0.15222619238922802,0.15222619238922802,0.24186611018621426,0.17650826275348663,0.03401132673025131,0.0011567703913897276,80.0,6.132041843672117,-37.74665451049805,40.28962707519531,70.9925765991211,22.208951950073242,-1.5240758657455444,14.50442123413086,38.61591339111328,11.353925704956055,8.553694725036621,7.0504302978515625,12.059544563293457,7.734173774719238,3.042264699935913,8.650240898132324,7.941174030303955,5.877546310424805,4.032465934753418,6.274089813232422,5.7371745109558105,5.781901836395264,0.23622600734233856,6.425873756408691,5.748842239379883,5.895077705383301,-4.875376224517822,5.411656856536865,0.0030535636469721794,2.443681001663208,-0.0012154212454333901,1.770277738571167
lyria_M05.mp3,lyria,metal,M05,Density LOW (groove),density,low,3057.5527369664833,898.5204890488658,807339.069240613,2856.821846601552,363.28046812877614,6471.6858666009575,1460.9564626261774,0.061496756970882416,0.06775032728910446,19.469823798364708,10.991966792030375,0.14118811072948917,0.09834848214395507,0.6379290055814762,0.3620709944185238,143.5546875,2.9,1.562252402305603,3.01137638092041,0.3391193376575437,0.1768477996225811,0.5214913453303837,0.5276121497154236,0.2719268202781677,0.07394419610500336,0.5527591109275818,0.266321063041687,-0.004990452731847668,0.07890299511148799,0.14184638252966705,0.14184638252966705,0.2689752895579769,0.1533467024564743,0.09739133715629578,0.009485072456300259,80.0,6.341205487622491,-94.51397705078125,106.53424835205078,62.616764068603516,26.350261688232422,5.164287567138672,18.1657772064209,27.935598373413086,14.694117546081543,6.914748668670654,10.276849746704102,12.163951873779297,9.834534645080566,0.2490222156047821,13.798225402832031,5.090487957000732,9.231987953186035,3.323577880859375,9.072175025939941,3.050462007522583,7.7287917137146,-1.6582692861557007,9.109541893005371,2.5207326412200928,7.5945000648498535,-4.662362575531006,6.126914024353027,0.00782776065170765,5.115598201751709,0.0023348862305283546,3.046490430831909
lyria_M06.mp3,lyria,metal,M06,Density HIGH (blast beats),density,high,2680.6968473697375,414.64332058462253,171929.08330544207,2619.8292859043895,277.52439157915614,5634.749260775445,917.228082403993,0.032484326511621475,0.020192699506878853,20.837370212528956,11.168535403784912,0.1181583936000387,0.03166653020843665,0.7923552842365806,0.20764471576341936,143.5546875,6.166666666666667,1.397745132446289,1.2565137147903442,0.16228729172828552,0.08966909546503567,0.5525330696575238,0.4250558316707611,0.2766096293926239,0.0765128880739212,0.5324702858924866,0.2340361773967743,0.024724647039203858,0.07849772368600332,0.1014733098895061,0.1014733098895061,0.18888652611000759,0.18239755928516388,0.029322141781449318,0.0008597880369052291,80.0,5.679615729734636,-34.99903106689453,35.26975631713867,70.78143310546875,15.817798614501953,-7.538083076477051,14.030832290649414,39.76422882080078,8.490068435668945,7.588714599609375,6.613786697387695,15.618868827819824,6.318968296051025,5.745441436767578,7.883505344390869,10.80919361114502,6.427150249481201,5.977067947387695,5.683035373687744,7.516109466552734,5.713419437408447,-0.08655999600887299,6.475466728210449,9.078540802001953,6.587198734283447,-0.25478285551071167,6.355218887329102,0.003405932104215026,2.1579086780548096,-0.0005145506584085524,1.4465409517288208
lyria_M07.mp3,lyria,metal,M07,Combined: doom+clean+sparse,combined,combined_low,1665.2698231862369,713.8592294919955,509594.99953090545,2003.586687936063,775.5780525816745,3798.802029163845,1792.2589808348973,0.006413551513105631,0.011392069980502129,23.789517592020843,10.225363058397239,0.058259662828947366,0.03180719014759594,0.8411645550306858,0.1588354449693142,75.99954044117646,1.5666666666666667,1.0403867959976196,1.484148383140564,0.6435965690624075,0.7798085370902128,1.2116418492196737,0.3574375808238983,0.2939372956752777,0.0863991379737854,0.3011605739593506,0.2853063642978668,0.009754990806870024,0.22767855610623358,0.17836740549878424,0.17836740549878424,0.2616135892388231,0.1596876084804535,0.07901887595653534,0.006243983283638954,80.0,5.8942572296156674,-145.45169067382812,90.85354614257812,117.92881774902344,39.5246696472168,-0.6294364929199219,34.326541900634766,42.01961135864258,14.976631164550781,14.548102378845215,11.254340171813965,0.501375675201416,19.749740600585938,1.5147475004196167,8.610450744628906,6.0622711181640625,9.811274528503418,-0.7893678545951843,10.765812873840332,0.486214280128479,10.058267593383789,-3.7018849849700928,6.190163612365723,-0.49372878670692444,8.937285423278809,-5.824624538421631,5.781661510467529,0.003366605844348669,2.9998350143432617,0.0003561810590326786,1.5554815530776978
lyria_M08.mp3,lyria,metal,M08,Combined: thrash+saturated+dense,combined,combined_high,2961.391987366413,363.37842321699065,132043.8784596664,2726.749444059429,205.04803169206204,6111.163046633127,781.3953134020704,0.05007772147655487,0.027226615697145462,19.89310359503727,11.24351903041054,0.1359269936387384,0.03523004650655403,0.7458963998477268,0.25410360015227323,92.28515625,6.5,1.3050211668014526,1.0938973426818848,0.15404165790027352,0.048461051209042136,0.31459705036682867,0.5200361013412476,0.26347580552101135,0.0694194957613945,0.5819382667541504,0.2197669893503189,0.011795363293466228,0.06604130734380878,0.14746664946099264,0.14746664946099264,0.23729603205979044,0.18239162862300873,0.02467266470193863,0.0006087403744459152,80.0,5.825564859371005,-19.516889572143555,24.165645599365234,60.28091049194336,11.380213737487793,-6.834699630737305,11.453434944152832,37.646331787109375,8.378087043762207,8.170854568481445,5.83392858505249,15.201375961303711,6.93208122253418,4.272347450256348,7.680398464202881,11.695255279541016,7.226019859313965,5.886724948883057,6.298810958862305,6.2585930824279785,5.984414100646973,0.13967177271842957,6.069335460662842,7.607607841491699,5.652016639709473,-1.1786010265350342,5.764345169067383,0.004649129696190357,1.7789170742034912,-0.002300332300364971,1.2882168292999268
lyria_M09.mp3,lyria,metal,M09,Combined: moderate+saturated+groove,combined,combined_mid1,2651.9639628791783,1062.1768357615333,1128219.6304283831,2584.928903801327,531.2776533269483,5575.632951577012,1890.8236713391366,0.04055551812052727,0.05042078718543053,20.34008934230323,11.07430575182754,0.11540028480553406,0.09351137993626435,0.7747661425157653,0.22523385748423472,117.45383522727273,2.2333333333333334,1.2625012397766113,1.7921466827392578,0.44645640074211507,0.27725205295788274,0.6210058865703906,0.4865033030509949,0.2753211557865143,0.07580174505710602,0.4619097113609314,0.2681950330734253,0.05913089382473497,0.09847027229703688,0.1203685425562722,0.1203685425562722,0.2332606101206499,0.16976267099380493,0.05755950137972832,0.0033130960073322058,80.0,5.7691312590427914,-68.05927276611328,72.20613098144531,77.61454772949219,38.793357849121094,-2.656920909881592,22.24629783630371,35.38933563232422,14.259917259216309,8.838780403137207,8.510379791259766,15.679427146911621,8.113354682922363,6.305327415466309,6.320219039916992,9.575241088867188,6.328176498413086,5.663455963134766,6.224353790283203,6.330403804779053,5.595357894897461,1.6725980043411255,5.088966369628906,6.735698699951172,5.342537879943848,-0.9709266424179077,5.293057441711426,0.0017492652405053377,3.8312695026397705,-0.0007329738582484424,2.201854705810547
lyria_M10.mp3,lyria,metal,M10,Combined: moderate+clean+sparse,combined,combined_mid2,1196.8609366599212,789.9159129002963,623967.1494531085,1514.2579161365359,824.9745925841609,2565.4844868662926,2084.7995085383827,0.00349427736364305,0.007768651004880667,24.775256965424134,9.907980141711706,0.04709192990518576,0.020721171456233454,0.9553505108436834,0.04464948915631665,99.38401442307692,1.1,0.8950040340423584,0.8267998695373535,0.9280725623582766,0.8816989421063133,0.9500323335342166,0.3231045603752136,0.28737348318099976,0.08258352428674698,0.2442501038312912,0.28681689500808716,-0.018992281866665413,0.26951541994273,0.15215004227877135,0.15215004227877135,0.23417546326917973,0.17147356271743774,0.034150056540966034,0.001166226458735764,80.0,5.562029506047961,-164.85971069335938,67.0212631225586,166.24453735351562,52.148101806640625,1.9050555229187012,20.829662322998047,40.17683792114258,9.888026237487793,6.265139102935791,10.147228240966797,1.3662350177764893,13.95492172241211,-0.07363466173410416,9.222946166992188,-2.296426296234131,10.837340354919434,-4.612259387969971,6.424953460693359,-0.39848870038986206,7.5323638916015625,-4.587392807006836,7.728785991668701,2.8162147998809814,7.4538726806640625,0.3649222254753113,7.1957106590271,-0.003672961611300707,1.9357881546020508,0.0001103357644751668,0.9441415071487427
udio_A01.mp3,udio,afrobeats,A01,Tempo LOW,tempo,low,2717.040803618799,1816.215763958394,3298639.7012509727,2559.1759144309835,638.8927406872662,5267.184816720685,2989.6492524808273,0.0394158773124218,0.06537431478500366,21.534002593126363,11.464567459624247,0.13662880345394737,0.17083034214992812,0.4892619161945766,0.5107380838054234,99.38401442307692,6.9,3.4702043533325195,4.86162805557251,0.14450476630781764,0.04820229919823168,0.3335689225333459,0.5462164282798767,0.2961704134941101,0.08771692216396332,0.6482208371162415,0.2285323441028595,-0.0034257766483441663,0.02854821520938395,0.1367398676553063,0.1367398676553063,0.23510856428991042,0.13208091259002686,0.08235076069831848,0.006781647447496653,80.0,5.071133451912808,-205.39036560058594,107.71233367919922,62.613643646240234,59.64693832397461,10.588057518005371,30.181638717651367,14.416219711303711,13.597343444824219,23.89898109436035,16.62148666381836,21.050260543823242,10.712377548217773,6.325806140899658,13.064810752868652,9.857563018798828,11.472968101501465,6.902569770812988,11.825544357299805,12.3485107421875,9.968890190124512,8.511119842529297,9.834598541259766,12.401313781738281,8.138768196105957,5.912296772003174,7.254554271697998,0.01087167952209711,7.001887321472168,0.007782347500324249,4.338842868804932
udio_A02.mp3,udio,afrobeats,A02,Tempo HIGH,tempo,high,2359.204410123978,857.0419431926364,734520.8923914101,2712.909542892624,464.3417666426919,5395.409041366341,1974.6656403752793,0.020195845514535904,0.02469593659043312,21.315347196308515,11.55748769924734,0.06640776170665634,0.042570714712014256,0.6148272562279627,0.3851727437720372,129.19921875,7.333333333333333,3.524367094039917,4.982783794403076,0.136032884995703,0.045275224173388987,0.33282558239369203,0.47765275835990906,0.308610737323761,0.09524058550596237,0.6168310046195984,0.21491725742816925,0.011999411799287051,0.04820489701572409,0.13560789751839053,0.13560789751839053,0.24966498564926584,0.1728823184967041,0.05219440162181854,0.002724255435168743,80.0,5.0152852839316475,-122.0549545288086,91.296142578125,76.23471069335938,23.549222946166992,18.885738372802734,25.2579345703125,31.977046966552734,13.359649658203125,8.435559272766113,11.133447647094727,17.69184684753418,10.398019790649414,4.965322494506836,11.591775894165039,8.205408096313477,10.952458381652832,6.249948024749756,9.54394817352295,8.644368171691895,9.667325973510742,2.5291566848754883,9.220555305480957,5.630977630615234,9.396368980407715,-0.6660229563713074,7.770260334014893,0.01199300866574049,5.017818927764893,-0.006003106012940407,3.4483535289764404
udio_A03.mp3,udio,afrobeats,A03,Density LOW,density,low,1821.9263877946437,963.4046138522455,928148.4499917942,2117.153782651418,637.7740225473988,3912.634674166747,2144.3959833462586,0.01607852429151535,0.02982444129884243,23.54539612157949,11.902356740375387,0.06559862071884674,0.05101758801104755,0.7572711874542282,0.24272881254577183,129.19921875,6.066666666666666,2.553057909011841,3.6356735229492188,0.1644639881735383,0.11269854203131975,0.6852475321977664,0.37850499153137207,0.30354347825050354,0.09213864058256149,0.43990835547447205,0.2921103835105896,0.03173688997578757,0.13853322036371504,0.10525523150518086,0.10525523150518086,0.19522271664530105,0.19448783993721008,0.0863237977027893,0.0074517978355288506,80.0,4.497476439907075,-130.89320373535156,88.79944610595703,103.47530364990234,33.89591598510742,7.957293510437012,28.31729507446289,29.43560791015625,22.298233032226562,-3.6731643676757812,16.17349624633789,17.082345962524414,15.380017280578613,5.007781505584717,15.94263744354248,1.6731228828430176,12.485930442810059,-2.695356607437134,10.35683822631836,-0.7608009576797485,9.569223403930664,-6.154826641082764,10.31887435913086,0.092952199280262,10.104717254638672,-3.5173518657684326,10.154024124145508,0.013436022214591503,4.614167213439941,-0.0008377557969652116,3.348334550857544
udio_A04.mp3,udio,afrobeats,A04,Density HIGH,density,high,1760.5316410027272,458.78852893277895,210486.91428030332,2364.8980116419166,445.07494852085784,3997.3008288687597,1617.8790167141544,0.007202709559351206,0.008721474558115005,21.875958597299714,11.258838226837957,0.06216440112229102,0.030364197907286433,0.6380589966057999,0.3619410033942001,143.5546875,6.866666666666666,2.511481523513794,3.10579776763916,0.1449831314639677,0.024584651608221687,0.16956904820566418,0.35512787103652954,0.29937514662742615,0.08962548524141312,0.4449182152748108,0.26164406538009644,-0.0038453974759473297,0.1031142975991886,0.11474939008495233,0.11474939008495233,0.2035118584404934,0.1766522377729416,0.04335896670818329,0.0018799998797476292,80.0,4.940009683068369,-114.2659912109375,65.72021484375,112.72997283935547,21.95553970336914,18.99077033996582,35.20457077026367,18.034225463867188,15.404510498046875,8.217876434326172,10.338419914245605,14.417248725891113,11.069967269897461,-3.6375668048858643,12.158488273620605,2.032806396484375,8.92815113067627,-4.8232927322387695,8.575834274291992,-2.0278806686401367,8.633584976196289,-3.30417799949646,6.98600435256958,3.3976736068725586,6.86248779296875,-5.370082855224609,8.65783977508545,0.004251972306519747,3.656989574432373,-0.001045211567543447,3.4713363647460938
udio_A05.mp3,udio,afrobeats,A05,Texture PERCUSSIVE,texture,percussive,3668.194918025507,1288.9398166601352,1661365.8509718627,3086.6921349881086,349.90820858527127,7439.655013423955,1753.0660389290433,0.07736855745315552,0.08457490801811218,19.24079559155646,11.401979367687682,0.19520290126741485,0.15363039762760286,0.3912930992060392,0.6087069007939607,129.19921875,6.666666666666667,2.8104641437530518,4.0340375900268555,0.1492377989721852,0.05755640036336154,0.3856690514049249,0.5803232789039612,0.26896578073501587,0.07234259694814682,0.6766314506530762,0.2175317406654358,0.0004150161399078903,0.043743106874032475,0.14027645507121533,0.14027645507121533,0.25443799592317257,0.15104444324970245,0.08371622860431671,0.007008407264947891,80.0,5.415837078199512,-121.12967681884766,97.93231201171875,32.10464859008789,40.243831634521484,22.633249282836914,25.334503173828125,26.499908447265625,15.72482967376709,8.446352005004883,13.103177070617676,13.308614730834961,13.695845603942871,7.75731897354126,13.959085464477539,6.647922992706299,13.37054443359375,5.372190475463867,10.30505084991455,3.2417824268341064,8.511608123779297,6.09415340423584,8.348100662231445,6.618864059448242,10.290390014648438,7.485800743103027,8.521271705627441,0.005767190828919411,5.9987077713012695,0.011286790482699871,3.411486864089966
udio_A06.mp3,udio,afrobeats,A06,Texture MELODIC,texture,melodic,2241.6553966941874,1028.6098812388248,1058038.2877821492,2452.9689948987448,550.8758181806994,4810.52924472112,2086.5603179671625,0.015736935660243034,0.02064366638660431,22.92721143895836,11.934777404454312,0.07684571824206657,0.045572489167334064,0.7589026772391957,0.24109732276080428,103.359375,6.966666666666667,2.8898229598999023,4.031872749328613,0.14345020059305774,0.023019164321699658,0.16046798280192623,0.3648253083229065,0.3127763867378235,0.09782907366752625,0.33027157187461853,0.27062681317329407,0.015414626522713224,0.14894246637100123,0.15496585973115948,0.15496585973115948,0.24772804882739244,0.20503589510917664,0.051771197468042374,0.0026802567299455404,80.0,4.536364133988961,-109.8956298828125,76.31204223632812,87.2674789428711,40.37872314453125,28.462657928466797,25.431472778320312,37.04084014892578,16.294286727905273,-1.5138306617736816,13.290085792541504,22.413976669311523,9.096144676208496,-5.2645463943481445,8.408299446105957,3.2393462657928467,7.38461446762085,-1.2725852727890015,7.651367664337158,5.638638019561768,6.085386276245117,3.6880042552948,9.415961265563965,11.91320514678955,10.505937576293945,4.366409778594971,10.345162391662598,0.004525052383542061,4.270845413208008,0.0031729876063764095,3.939730167388916
udio_A07.mp3,udio,afrobeats,A07,Structure LOOP,structure,loop,2736.0691630343645,1203.987664862329,1449586.2971406437,2867.921939140534,522.6090116387893,6104.604752956899,2166.111886461366,0.0234126728028059,0.03379777446389198,21.409019519610382,12.894762555303926,0.0780993009868421,0.07085742207800658,0.661172748570012,0.33882725142998804,123.046875,5.966666666666667,2.737586736679077,4.153129577636719,0.1668445055924992,0.07804492395032399,0.4677704169710018,0.4496469795703888,0.3286440074443817,0.10800688713788986,0.48294657468795776,0.2839673161506653,-0.008920149789851655,0.061266365945387966,0.1479381979604006,0.1479381979604006,0.2791666346078009,0.174700528383255,0.06801347434520721,0.004625832196325064,80.0,4.817924448396466,-156.97483825683594,116.76193237304688,58.0638313293457,39.31663513183594,38.11025619506836,17.795743942260742,34.83378219604492,12.101386070251465,2.360335350036621,8.326630592346191,21.813583374023438,10.005247116088867,1.030304193496704,10.34760856628418,11.093523025512695,10.451940536499023,-0.7400578856468201,9.572951316833496,6.870635032653809,9.044844627380371,-3.66825795173645,8.976163864135742,0.666176438331604,6.8501715660095215,-3.791403293609619,7.889247417449951,0.0004365515778772533,5.669448375701904,-0.0011184344766661525,3.4903507232666016
udio_A08.mp3,udio,afrobeats,A08,Structure VARIED,structure,varied,2310.741570534531,805.049351027603,648104.4575899648,2746.547388297345,446.73236873743724,5351.542639953802,1787.475667066174,0.013832892291247845,0.018307480961084366,21.924222875333033,11.621131661443144,0.0679788028492647,0.03556371899119633,0.7362479214053936,0.26375207859460637,129.19921875,8.366666666666667,2.975978136062622,3.5184175968170166,0.11935056689342403,0.030314271082913995,0.25399352405241277,0.38705509901046753,0.3107883334159851,0.09658937901258469,0.47656378149986267,0.25673261284828186,0.010347715470054947,0.07118627351487741,0.10023016736595337,0.10023016736595337,0.1953565872015442,0.15016792714595795,0.05028384551405907,0.0025284651201218367,80.0,5.1531619084269025,-142.14190673828125,66.1482162475586,83.91114044189453,26.491918563842773,45.46212387084961,26.01384925842285,51.102577209472656,13.143693923950195,-6.701357841491699,11.411442756652832,5.683650016784668,10.649341583251953,-1.123604655265808,8.733813285827637,5.464226245880127,9.937518119812012,6.8938889503479,10.169669151306152,-5.742578029632568,6.891642093658447,5.845469951629639,7.197861671447754,-9.42275619506836,7.788285732269287,-6.086842060089111,9.487534523010254,0.006599619053304195,3.256216526031494,-0.003568497020751238,2.3350679874420166
udio_A09.mp3,udio,afrobeats,A09,Combined LOW,combined,combined_low,2268.0696674767983,1121.2211269457257,1257136.8155094432,2739.359724325968,638.6923954415255,5052.569447803792,2684.366804090566,0.0067966654896736145,0.011685955338180065,25.16487186362104,10.34433427415647,0.0771541063999613,0.054416579016009395,0.9024226301505133,0.09757736984948671,92.28515625,6.266666666666667,1.9179425239562988,2.2246456146240234,0.15943541052784752,0.03403052441039971,0.21344395387281812,0.4151493310928345,0.299208402633667,0.08952566236257553,0.3382548689842224,0.28649136424064636,-0.0016357639944639959,0.1517192190751847,0.15097392200261917,0.15097392200261917,0.23252714853237827,0.15515273809432983,0.06738054752349854,0.00454013841226697,80.0,5.281226848611162,-154.21510314941406,51.97529220581055,101.99449920654297,38.466793060302734,31.84131622314453,33.351253509521484,-14.261122703552246,17.4981746673584,13.961285591125488,14.606637001037598,11.84890079498291,12.67842960357666,-5.145890235900879,8.44478702545166,11.442374229431152,9.60592269897461,6.620730876922607,6.975833415985107,12.24222183227539,7.784163475036621,2.230088233947754,8.684732437133789,5.378209114074707,6.699945449829102,6.3663787841796875,6.742787837982178,-0.002204068237915635,3.0388681888580322,5.216604404267855e-05,3.1238741874694824
udio_A10.mp3,udio,afrobeats,A10,Combined HIGH,combined,combined_high,3098.1124117350064,1399.0473357125456,1957333.4475643723,2544.4805455815185,516.692589325382,5989.672114605505,2241.5520281672775,0.059195585548877716,0.07270088791847229,20.48331133439593,11.723697939837443,0.16369553320917182,0.12845826352671622,0.6179493247403325,0.3820506752596675,161.4990234375,4.7,2.349520444869995,3.2769041061401367,0.21279429867184968,0.10783129773747625,0.50673959974728,0.5647021532058716,0.2814084589481354,0.07919072359800339,0.5972316265106201,0.24690671265125275,-0.0018289059081444115,0.04953228555232601,0.11806598400382139,0.11806598400382139,0.24391663696055643,0.17523379623889923,0.08499889075756073,0.00722481170669198,80.0,5.107459847410144,-115.39862823486328,108.25122833251953,36.30800247192383,71.34236145019531,-5.830013275146484,46.67167282104492,34.14229965209961,24.853105545043945,4.880738258361816,14.299195289611816,9.034966468811035,16.66484260559082,1.6139878034591675,12.573073387145996,7.9251017570495605,10.939842224121094,4.762485980987549,11.122764587402344,7.951962471008301,10.107592582702637,-0.13029985129833221,8.731444358825684,-1.451434850692749,12.880885124206543,-0.5512053966522217,9.773920059204102,0.03210950642824173,7.086643218994141,0.0030250209383666515,4.332321643829346
udio_M01.mp3,udio,metal,M01,Tempo LOW (doom),tempo,low,2094.895517247966,408.6511781480402,166995.78540178126,2160.5534722930533,269.3266937005802,4392.356773352844,682.1133120906417,0.00882461667060852,0.00852522999048233,22.0402354285236,13.127086696159896,0.08396283318014706,0.02865464968126048,0.853619456675198,0.146380543324802,129.19921875,2.4,0.7994551062583923,0.7061330080032349,0.41501580914055763,0.35300805847342837,0.8505894250256658,0.4555465877056122,0.2700285315513611,0.07291540503501892,0.3824757933616638,0.28277626633644104,-0.03542750257776821,0.17169692137886367,0.11612102877557096,0.11612102877557096,0.2101082444314299,0.1981053352355957,0.025055205449461937,0.0006277633365243673,80.0,4.657630105248689,-63.32969665527344,27.56083106994629,95.43702697753906,20.833093643188477,-11.709236145019531,15.250273704528809,76.36192321777344,13.252906799316406,-1.8967349529266357,6.110414505004883,10.831521987915039,5.161653995513916,2.2451393604278564,5.221339702606201,4.244584560394287,4.803533554077148,-7.12831449508667,4.615113258361816,0.7538455724716187,3.8680014610290527,-2.032158136367798,3.9941565990448,2.209089756011963,3.719714879989624,-6.957450866699219,3.5674502849578857,1.1433502550062258e-05,1.7744219303131104,-0.0026008994318544865,0.8520122170448303
udio_M02.mp3,udio,metal,M02,Tempo HIGH (thrash),tempo,high,2640.552405447235,458.98605479109443,210668.19849269354,2304.4395306504603,304.7919800266414,5049.277801041264,798.2559980070207,0.03879769891500473,0.03080117702484131,20.583658517923634,12.779375674796386,0.14356186810661764,0.05778494564497569,0.6035267357613385,0.39647326423866147,99.38401442307692,5.733333333333333,1.2736842632293701,1.4485974311828613,0.17367439763429737,0.1408130818232798,0.8107877945244816,0.5691463351249695,0.25837165117263794,0.06675591319799423,0.6510085463523865,0.20239384472370148,0.0035105408446697325,0.052812191198057384,0.11974295819855017,0.11974295819855017,0.22016432116513168,0.17186909914016724,0.03793942555785179,0.001439400133676827,80.0,5.125405009740143,-39.093692779541016,48.193443298339844,71.8064193725586,20.985593795776367,-26.889585494995117,17.49961280822754,49.15829849243164,11.299525260925293,0.4611046314239502,10.57470417022705,8.265454292297363,12.44778060913086,4.271386623382568,6.010642051696777,13.987116813659668,6.476815223693848,2.7634456157684326,7.567911148071289,6.066904067993164,5.044124126434326,-1.4548789262771606,6.182793140411377,10.759194374084473,6.067180633544922,-1.7574492692947388,9.770703315734863,0.0023830244317650795,1.9796254634857178,0.001664130249992013,1.6251333951950073
udio_M03.mp3,udio,metal,M03,Distortion LOW (clean),distortion,low,2300.662169055317,499.93469407711126,249934.69834197484,2125.673865657013,355.38918844574386,4620.588726598781,899.1002552031355,0.014675596728920937,0.016802441328763962,23.644550046117654,12.312141462329292,0.12935069175696595,0.03484614665353825,0.7065810610081669,0.2934189389918332,135.99917763157896,6.166666666666667,1.5525405406951904,1.4011085033416748,0.1620349009168885,0.06970008854817983,0.4301547885904571,0.3580295443534851,0.2864990532398224,0.08208170533180237,0.5488210916519165,0.22486484050750732,-0.017669036600095462,0.06984422335010385,0.11632416531169038,0.11632416531169038,0.2076505246559262,0.1066451445221901,0.02642444148659706,0.0006982511258684099,80.0,6.632994256382762,-104.13848114013672,31.696847915649414,91.6613998413086,28.638755798339844,-31.111003875732422,18.758831024169922,50.97371292114258,10.603680610656738,-6.683954238891602,8.16036605834961,17.105241775512695,6.652116775512695,7.057201385498047,7.700830936431885,6.028879165649414,6.092642784118652,7.140228748321533,7.681510925292969,9.179902076721191,6.329625129699707,1.0801572799682617,6.2071146965026855,9.571649551391602,6.940168380737305,-3.395312786102295,6.047794818878174,-0.0004779370501637459,2.0726001262664795,0.0014335033483803272,1.658643126487732
udio_M04.mp3,udio,metal,M04,Distortion HIGH (saturated),distortion,high,2621.553741071197,422.9501889585013,178886.86234003198,2363.4598834506673,251.88729157948566,5267.2681495501165,677.9966147666804,0.024546099826693535,0.02133297175168991,22.378199653173418,12.309886019154291,0.12267953028250773,0.03499611349345152,0.8383259297552551,0.16167407024474484,151.99908088235293,7.066666666666666,1.1549606323242188,1.09592866897583,0.14163071863816615,0.05137494507363344,0.3627387163436245,0.4930155873298645,0.2670148015022278,0.07129690796136856,0.5148106813430786,0.23360402882099152,-0.010312867144459364,0.08242234465949441,0.11425921238052866,0.11425921238052866,0.21414962479700392,0.2151545286178589,0.02110612392425537,0.0004454684676602483,80.0,4.296863858202966,-24.50901222229004,27.031599044799805,69.41287231445312,18.07581901550293,-24.049938201904297,15.609004020690918,59.847450256347656,10.338746070861816,7.130661487579346,5.349147319793701,27.54485321044922,6.174473285675049,7.269293308258057,5.063235759735107,14.505366325378418,5.158682346343994,1.583418607711792,5.05275297164917,2.008073329925537,4.097352027893066,-0.29902932047843933,3.9433043003082275,3.9603846073150635,3.597682237625122,-4.555345058441162,3.9834344387054443,-0.0009035801631398499,1.3967491388320923,0.0001657929242355749,1.1308001279830933
udio_M05.mp3,udio,metal,M05,Density LOW (groove),density,low,2839.2108657715917,542.8227208049556,294656.50622209476,2614.896901506384,231.44262125947262,5729.948685117551,859.0322699697575,0.03787621483206749,0.02914872206747532,20.10515912010773,11.967228836465729,0.129111086251935,0.04841078965644001,0.5884565385440601,0.41154346145593984,103.359375,6.566666666666666,1.612300157546997,1.9130758047103882,0.1524698042482299,0.06342018101518693,0.4159524000695581,0.5107536911964417,0.2820638120174408,0.07955998927354813,0.6029747724533081,0.21277084946632385,0.004851357683116186,0.059294730471320264,0.13351744704003293,0.13351744704003293,0.22320291181653884,0.18436762690544128,0.03253578022122383,0.0010585769778117537,80.0,4.858740063521322,-40.2166633605957,33.53055191040039,59.90569305419922,18.915376663208008,-3.1131725311279297,13.147893905639648,53.464202880859375,11.857793807983398,8.813248634338379,8.956221580505371,19.45863914489746,6.9596357345581055,7.6182780265808105,7.4214701652526855,8.115836143493652,6.090199947357178,3.70637583732605,7.417160511016846,-2.336148262023926,6.527198791503906,-0.46307411789894104,6.574286937713623,1.2951292991638184,6.610259056091309,2.1642680168151855,6.009050369262695,0.0005811011069454253,2.120107889175415,-0.0011019882513210177,1.8630058765411377
udio_M06.mp3,udio,metal,M06,Density HIGH (blast beats),density,high,2688.1149263168268,347.89037502005044,121027.71303159132,2359.5687159158183,276.71847658081396,5043.594502074062,771.3582656208082,0.03195488452911377,0.02384626865386963,21.290967752235176,11.402510880018136,0.14065674583978327,0.03438538019282483,0.6182403291522096,0.3817596708477904,95.703125,5.933333333333334,1.3991619348526,1.6481770277023315,0.16818068847124537,0.05955997250679068,0.35414275591441596,0.551153302192688,0.251019150018692,0.06301061064004898,0.6521307826042175,0.19327004253864288,0.01762266573926968,0.05134662947150587,0.14250295789906092,0.14250295789906092,0.2510789654863176,0.2183152437210083,0.03801566734910011,0.0014451908646151423,80.0,4.308826565594742,-14.08378791809082,30.489412307739258,66.64823150634766,16.31969451904297,-22.33039093017578,15.532205581665039,63.978843688964844,15.021865844726562,14.015193939208984,10.32343864440918,17.864288330078125,8.868151664733887,7.051189422607422,8.33712100982666,-1.1958515644073486,9.18586540222168,-1.4284995794296265,5.535959243774414,-0.6638567447662354,6.209094524383545,-1.823253870010376,4.611672401428223,10.334017753601074,5.865155220031738,-2.7389585971832275,4.480748653411865,-0.003394277300685644,2.182379722595215,-0.0029807519167661667,1.8411206007003784
udio_M07.mp3,udio,metal,M07,Combined: doom+clean+sparse,combined,combined_low,2044.895926404288,412.96182698898554,170537.47055008082,2083.301754336559,381.3563998643321,4119.058425950561,968.1028685301679,0.011625156737864017,0.010395413264632225,21.352169695892275,12.47314057036692,0.09358900324109908,0.025704226360885946,0.8461967638902386,0.1538032361097614,172.265625,4.266666666666667,1.0403687953948975,0.916777491569519,0.23384505508240044,0.20689055007995558,0.8847334830623343,0.4941524267196655,0.2646297812461853,0.07002891600131989,0.46095454692840576,0.2634173631668091,-0.0021250369045211683,0.11909610571605303,0.11736653712252809,0.11736653712252809,0.22203744323907185,0.2155766636133194,0.04041082039475441,0.0016330344369634986,80.0,4.348322845443019,-37.165191650390625,28.06257438659668,106.74079895019531,25.295251846313477,-30.21345329284668,21.211837768554688,51.335906982421875,12.293243408203125,0.41927987337112427,8.298007011413574,4.518420696258545,6.596305847167969,4.849897384643555,6.091033458709717,15.918307304382324,6.187473297119141,0.19984205067157745,4.5516815185546875,5.868540287017822,4.940215110778809,6.331984519958496,4.051728248596191,3.8410651683807373,3.921577215194702,-7.0180535316467285,3.906500816345215,0.0029945450369268656,1.9947824478149414,2.148763815057464e-05,1.2140973806381226
udio_M08.mp3,udio,metal,M08,Combined: thrash+saturated+dense,combined,combined_high,3075.233831405658,380.4099346503538,144711.71838068645,2536.548863388428,211.05898822830974,5764.715141556211,627.7764832921222,0.031997378915548325,0.01828533597290516,21.418556737493184,12.530735262522425,0.14316353340267027,0.054049127049570544,0.7330655565818589,0.2669344434181411,135.99917763157896,6.433333333333334,1.6479601860046387,1.9318351745605469,0.15334845049130763,0.03522742860168709,0.22972145130141963,0.48386338353157043,0.300559401512146,0.09033595770597458,0.6571376323699951,0.1892952173948288,0.0046459685939743275,0.03746921900186104,0.12111724350565321,0.12111724350565321,0.2146871221925903,0.1739933341741562,0.039604973047971725,0.0015685538528487086,80.0,5.028253943407526,-55.51497268676758,35.49993133544922,42.15599822998047,15.963144302368164,-10.95738697052002,15.744427680969238,58.72014236450195,7.97870397567749,5.95266056060791,6.9993815422058105,13.39307975769043,8.376450538635254,6.645647048950195,7.662082195281982,18.747943878173828,5.827263832092285,4.6739373207092285,4.55842399597168,7.025089740753174,6.408558368682861,5.693753719329834,5.557768821716309,0.9320688843727112,5.5362749099731445,-9.100556373596191,4.594550609588623,-8.828051068121567e-05,1.6236891746520996,-0.0036799160297960043,1.9986528158187866
udio_M09.mp3,udio,metal,M09,Combined: moderate+saturated+groove,combined,combined_mid1,2011.631378994377,584.5193646212456,341662.88761722465,2068.2196513994886,394.22363562023963,4409.606669045085,1024.8130942118846,0.007553235627710819,0.016125241294503212,23.4016051032765,13.284402290258319,0.08784943099361456,0.05561592532977996,0.9212647927532446,0.07873520724675542,99.38401442307692,4.666666666666667,1.3097440004348755,1.5618221759796143,0.2148263430072269,0.18192155141115615,0.8468307418193876,0.3941252827644348,0.29744645953178406,0.08847439289093018,0.39031389355659485,0.27892693877220154,-0.014954573818345225,0.14608115740584693,0.1376562341405458,0.1376562341405458,0.2494279745581175,0.15763819217681885,0.05952443182468414,0.0035431580618023872,80.0,4.785010194264434,-120.52538299560547,70.16273498535156,97.1204605102539,31.07683753967285,-27.815465927124023,29.907821655273438,70.08340454101562,18.155546188354492,-8.73517894744873,19.58367156982422,29.780500411987305,10.825906753540039,2.117865800857544,9.5779390335083,5.671751022338867,9.817975044250488,5.8830671310424805,5.29127836227417,-6.805693626403809,9.615324020385742,2.8775455951690674,6.186106204986572,-2.9840354919433594,8.476205825805664,-2.3478028774261475,5.643542766571045,0.0013709085760638118,2.356275796890259,-0.0013303235173225403,1.9508267641067505
udio_M10.mp3,udio,metal,M10,Combined: moderate+clean+sparse,combined,combined_mid2,2227.107309314067,677.172241157467,458562.24419422675,2327.7556827169724,581.8220392758408,4962.319993529895,1482.5350195776982,0.022536776959896088,0.03292735293507576,21.222540076701,12.756918996040296,0.09177042013351393,0.040213703631123754,0.6812285150443574,0.31877148495564256,95.703125,4.766666666666667,1.3456530570983887,1.7510870695114136,0.19982242662323146,0.12836831231366466,0.6424119378537289,0.5144770741462708,0.28610455989837646,0.08185582607984543,0.6026691794395447,0.24313899874687195,-0.0004362915749166617,0.08701591699783866,0.1297348454903001,0.1297348454903001,0.2187668272043557,0.20175983011722565,0.09448938071727753,0.008928243070840836,80.0,4.575638385823072,-59.78553009033203,82.84658813476562,95.94436645507812,28.65062141418457,-13.322412490844727,26.12215805053711,39.60334396362305,15.396116256713867,2.800546884536743,13.774225234985352,17.08823585510254,12.335346221923828,0.7718696594238281,8.310982704162598,2.4980597496032715,10.780397415161133,-0.8898459076881409,7.951409339904785,-1.4012495279312134,8.910018920898438,-5.160855293273926,5.325999736785889,-2.707418918609619,8.454880714416504,-5.395174026489258,5.813594341278076,0.009453266859054565,3.329368829727173,-0.002076134318485856,1.9523805379867554
